page number, number of genre, number of species, number of binoms,, number of genre, number of species, number of binoms
1,0,0,0,,0.16697247706422,0.155963302752294,0
2,0,0,0,,0.135135135135135,0.148648648648649,1
3,0,0,0,,0.166666666666667,0.888888888888889,2
4,0,0,0,,0.333333333333333,1.44444444444444,3
5,0,0,0,,0,2.33333333333333,4
6,0,1,0,,0.25,1,5
7,0,1,0,,0.5,1,6
8,0,0,0,,0.168896321070234,0.224080267558528,8
9,0,0,0,,,,
10,0,0,0,,,,
11,1,0,0,,,,
12,1,0,0,,,,
13,0,0,0,,,,
14,0,0,0,,,,
15,0,0,0,,,,
17,2,1,0,,,,
18,2,1,0,,,,
19,0,0,0,,,,
20,0,0,0,,,,
22,0,0,0,,,,
23,0,0,0,,,,
24,0,0,0,,,,
25,0,0,0,,,,
26,0,0,0,,,,
27,0,0,0,,,,
28,0,0,0,,,,
29,0,0,0,,,,
30,0,0,0,,,,
31,0,0,0,,,,
34,0,0,0,,,,
37,0,0,0,,,,
38,0,0,0,,,,
39,0,0,0,,,,
40,0,0,0,,,,
41,0,0,0,,,,
42,0,0,0,,,,
43,0,0,0,,,,
44,0,0,0,,,,
45,1,0,0,,,,
46,0,0,0,,,,
47,1,0,0,,,,
49,0,0,0,,,,
50,0,0,0,,,,
51,0,0,0,,,,
52,0,2,0,,,,
53,0,0,0,,,,
60,0,0,0,,,,
62,0,0,0,,,,
63,0,0,0,,,,
64,0,0,0,,,,
67,0,0,0,,,,
72,0,0,0,,,,
74,0,0,0,,,,
75,0,0,0,,,,
76,0,0,0,,,,
77,2,0,0,,,,
78,0,0,0,,,,
79,0,0,0,,,,
80,0,0,0,,,,
81,0,0,0,,,,
82,0,0,0,,,,
83,0,0,0,,,,
85,0,0,0,,,,
86,0,0,0,,,,
87,0,0,0,,,,
88,0,0,0,,,,
89,0,0,0,,,,
90,1,0,0,,,,
91,0,0,0,,,,
93,0,0,0,,,,
94,0,0,0,,,,
95,0,0,0,,,,
96,0,0,0,,,,
97,0,1,0,,,,
98,0,1,0,,,,
100,0,0,0,,,,
102,0,0,0,,,,
103,0,0,0,,,,
104,0,0,0,,,,
106,0,0,0,,,,
109,0,1,0,,,,
110,0,0,0,,,,
111,0,0,0,,,,
112,0,0,0,,,,
113,0,0,0,,,,
114,0,0,0,,,,
115,0,0,0,,,,
116,0,0,0,,,,
117,0,0,0,,,,
118,0,0,0,,,,
119,0,0,0,,,,
120,0,0,0,,,,
121,0,0,0,,,,
122,0,0,0,,,,
123,0,0,0,,,,
124,0,0,0,,,,
125,0,0,0,,,,
126,0,0,0,,,,
127,0,0,0,,,,
128,0,0,0,,,,
129,0,2,0,,,,
130,0,5,0,,,,
131,0,0,0,,,,
132,0,0,0,,,,
133,0,0,0,,,,
134,0,0,0,,,,
135,0,0,0,,,,
136,0,0,0,,,,
137,0,0,0,,,,
138,0,0,0,,,,
139,0,0,0,,,,
140,1,0,0,,,,
141,1,0,0,,,,
142,0,0,0,,,,
143,0,1,0,,,,
144,0,0,0,,,,
145,0,0,0,,,,
146,0,0,0,,,,
147,0,0,0,,,,
148,0,0,0,,,,
149,0,0,0,,,,
151,0,1,0,,,,
152,0,0,0,,,,
153,1,0,0,,,,
154,0,0,0,,,,
155,0,0,0,,,,
156,0,0,0,,,,
158,3,0,0,,,,
159,1,0,0,,,,
160,0,1,0,,,,
161,0,0,0,,,,
162,0,2,0,,,,
163,0,3,0,,,,
164,0,1,0,,,,
165,1,0,0,,,,
166,0,0,0,,,,
168,0,0,0,,,,
169,0,0,0,,,,
170,0,0,0,,,,
171,0,1,0,,,,
173,0,0,0,,,,
174,0,0,0,,,,
176,0,0,0,,,,
177,0,0,0,,,,
178,0,0,0,,,,
180,1,0,0,,,,
182,0,0,0,,,,
183,0,0,0,,,,
184,0,0,0,,,,
185,0,0,0,,,,
186,0,0,0,,,,
187,0,0,0,,,,
189,0,0,0,,,,
190,0,2,0,,,,
191,0,2,0,,,,
192,1,3,0,,,,
193,0,0,0,,,,
195,0,0,0,,,,
196,0,0,0,,,,
198,0,0,0,,,,
199,0,0,0,,,,
200,0,0,0,,,,
201,1,0,0,,,,
202,0,0,0,,,,
203,0,0,0,,,,
205,0,0,0,,,,
206,0,1,0,,,,
207,0,1,0,,,,
208,0,0,0,,,,
209,0,0,0,,,,
210,0,0,0,,,,
211,0,0,0,,,,
212,0,0,0,,,,
213,0,0,0,,,,
216,0,0,0,,,,
217,0,0,0,,,,
218,0,0,0,,,,
220,0,0,0,,,,
221,0,0,0,,,,
222,0,0,0,,,,
223,0,0,0,,,,
224,0,0,0,,,,
225,0,0,0,,,,
226,0,0,0,,,,
227,1,0,0,,,,
228,0,0,0,,,,
229,0,0,0,,,,
230,0,0,0,,,,
231,0,0,0,,,,
232,0,0,0,,,,
234,0,0,0,,,,
235,0,0,0,,,,
236,0,0,0,,,,
237,0,0,0,,,,
239,0,0,0,,,,
240,0,1,0,,,,
241,0,0,0,,,,
242,0,0,0,,,,
243,0,0,0,,,,
244,0,0,0,,,,
246,0,0,0,,,,
247,0,0,0,,,,
248,0,0,0,,,,
249,0,0,0,,,,
250,0,0,0,,,,
251,0,0,0,,,,
252,0,0,0,,,,
253,0,0,0,,,,
254,0,0,0,,,,
255,0,0,0,,,,
256,0,0,0,,,,
257,0,0,0,,,,
258,0,0,0,,,,
259,0,1,0,,,,
260,0,0,0,,,,
261,0,0,0,,,,
263,0,1,0,,,,
266,1,0,0,,,,
267,0,0,0,,,,
268,0,0,0,,,,
269,0,0,0,,,,
271,0,0,0,,,,
272,0,0,0,,,,
273,0,0,0,,,,
274,0,0,0,,,,
275,0,0,0,,,,
276,0,0,0,,,,
277,0,0,0,,,,
278,0,1,0,,,,
279,1,0,0,,,,
280,0,0,0,,,,
281,0,0,0,,,,
282,0,0,0,,,,
283,0,0,0,,,,
284,0,0,0,,,,
285,1,0,0,,,,
286,0,0,0,,,,
287,0,0,0,,,,
290,0,0,0,,,,
291,0,0,0,,,,
292,0,0,0,,,,
293,0,0,0,,,,
294,0,0,0,,,,
295,1,2,0,,,,
296,0,0,0,,,,
297,0,6,0,,,,
298,2,0,0,,,,
299,0,0,0,,,,
300,0,0,0,,,,
301,0,0,0,,,,
302,0,0,0,,,,
303,0,0,0,,,,
304,0,0,0,,,,
305,0,0,0,,,,
306,0,0,0,,,,
307,0,0,0,,,,
308,0,0,0,,,,
309,1,0,0,,,,
310,0,0,0,,,,
311,1,0,0,,,,
312,0,1,0,,,,
313,1,0,0,,,,
315,1,0,0,,,,
316,1,0,0,,,,
317,0,0,0,,,,
318,0,0,0,,,,
319,0,0,0,,,,
320,0,0,0,,,,
321,0,0,0,,,,
322,0,0,0,,,,
323,1,0,0,,,,
324,0,0,0,,,,
325,0,0,0,,,,
326,0,0,0,,,,
327,1,0,0,,,,
328,0,0,0,,,,
329,0,0,0,,,,
330,0,0,0,,,,
331,0,0,0,,,,
332,0,0,0,,,,
333,0,0,0,,,,
334,0,0,0,,,,
335,0,0,0,,,,
336,0,0,0,,,,
338,0,0,0,,,,
339,0,0,0,,,,
341,0,0,0,,,,
344,0,0,0,,,,
345,0,0,0,,,,
346,1,0,0,,,,
348,0,0,0,,,,
349,0,0,0,,,,
350,0,0,0,,,,
351,0,0,0,,,,
352,0,0,0,,,,
353,0,0,0,,,,
355,0,0,0,,,,
356,0,0,0,,,,
357,0,0,0,,,,
358,0,1,0,,,,
359,1,1,0,,,,
360,0,0,0,,,,
361,0,0,0,,,,
362,0,0,0,,,,
363,0,0,0,,,,
364,0,0,0,,,,
365,0,0,0,,,,
367,0,0,0,,,,
368,0,0,0,,,,
369,0,0,0,,,,
370,0,0,0,,,,
373,0,0,0,,,,
375,0,0,0,,,,
376,0,0,0,,,,
377,0,0,0,,,,
378,0,0,0,,,,
379,0,0,0,,,,
381,0,0,0,,,,
382,0,0,0,,,,
383,0,0,0,,,,
384,0,3,0,,,,
385,0,0,0,,,,
386,0,0,0,,,,
387,0,0,0,,,,
388,0,0,0,,,,
389,1,0,0,,,,
390,0,0,0,,,,
391,0,0,0,,,,
392,1,0,0,,,,
393,2,0,0,,,,
394,0,0,0,,,,
395,0,0,0,,,,
397,0,0,0,,,,
398,2,0,0,,,,
399,0,0,0,,,,
400,0,0,0,,,,
401,0,0,0,,,,
402,0,0,0,,,,
403,0,0,0,,,,
405,0,0,0,,,,
406,0,0,0,,,,
407,0,0,0,,,,
408,1,0,0,,,,
409,0,0,0,,,,
410,0,0,0,,,,
411,0,0,0,,,,
412,1,0,0,,,,
413,0,0,0,,,,
414,0,0,0,,,,
415,0,1,0,,,,
416,0,0,0,,,,
417,0,0,0,,,,
419,0,1,0,,,,
420,1,1,0,,,,
421,0,0,0,,,,
422,0,0,0,,,,
423,0,0,0,,,,
424,0,0,0,,,,
425,2,0,0,,,,
426,0,0,0,,,,
427,0,0,0,,,,
428,0,0,0,,,,
429,0,0,0,,,,
430,0,0,0,,,,
431,0,0,0,,,,
432,0,0,0,,,,
433,0,0,0,,,,
434,0,0,0,,,,
435,0,0,0,,,,
437,0,0,0,,,,
438,0,0,0,,,,
439,0,0,0,,,,
440,0,0,0,,,,
441,0,0,0,,,,
442,0,0,0,,,,
443,0,0,0,,,,
444,0,0,0,,,,
445,0,0,0,,,,
446,0,0,0,,,,
448,0,0,0,,,,
449,1,1,0,,,,
450,1,0,0,,,,
451,0,0,0,,,,
452,1,0,0,,,,
454,0,2,0,,,,
455,0,0,0,,,,
456,0,0,0,,,,
457,0,0,0,,,,
458,1,0,0,,,,
460,0,0,0,,,,
461,0,0,0,,,,
463,1,0,0,,,,
466,0,0,0,,,,
467,0,2,0,,,,
469,1,0,0,,,,
470,0,0,0,,,,
471,1,0,0,,,,
472,0,0,0,,,,
473,1,0,0,,,,
474,0,1,0,,,,
475,0,0,0,,,,
476,0,0,0,,,,
477,0,0,0,,,,
478,0,0,0,,,,
481,0,0,0,,,,
482,0,0,0,,,,
483,0,1,0,,,,
484,1,1,0,,,,
485,0,0,0,,,,
486,1,0,0,,,,
487,2,0,0,,,,
488,0,0,0,,,,
489,0,0,0,,,,
490,0,1,0,,,,
491,0,1,0,,,,
492,0,1,0,,,,
493,0,0,0,,,,
494,1,0,0,,,,
495,0,0,0,,,,
497,0,0,0,,,,
498,0,0,0,,,,
499,1,0,0,,,,
501,1,0,0,,,,
502,1,0,0,,,,
503,0,0,0,,,,
505,0,0,0,,,,
506,0,0,0,,,,
508,1,0,0,,,,
509,0,0,0,,,,
510,0,0,0,,,,
512,0,0,0,,,,
513,0,0,0,,,,
514,0,0,0,,,,
517,0,1,0,,,,
518,0,0,0,,,,
520,0,0,0,,,,
521,0,0,0,,,,
522,0,1,0,,,,
523,0,0,0,,,,
525,1,1,0,,,,
526,0,1,0,,,,
528,0,0,0,,,,
530,0,0,0,,,,
531,2,0,0,,,,
533,1,0,0,,,,
535,0,0,0,,,,
536,1,0,0,,,,
537,0,0,0,,,,
539,0,0,0,,,,
540,0,0,0,,,,
541,0,0,0,,,,
542,0,0,0,,,,
543,0,0,0,,,,
544,0,0,0,,,,
545,1,0,0,,,,
546,0,0,0,,,,
548,1,0,0,,,,
549,0,0,0,,,,
550,0,0,0,,,,
551,0,0,0,,,,
554,0,0,0,,,,
555,0,0,0,,,,
556,0,0,0,,,,
558,0,0,0,,,,
560,0,0,0,,,,
561,0,0,0,,,,
562,0,0,0,,,,
563,1,0,0,,,,
564,0,0,0,,,,
565,0,0,0,,,,
566,0,0,0,,,,
568,0,0,0,,,,
569,1,0,0,,,,
570,0,0,0,,,,
572,0,1,0,,,,
573,0,0,0,,,,
575,0,0,0,,,,
576,0,0,0,,,,
577,0,1,0,,,,
580,0,0,0,,,,
582,0,0,0,,,,
583,0,0,0,,,,
584,0,0,0,,,,
585,0,0,0,,,,
586,0,0,0,,,,
587,0,0,0,,,,
588,0,0,0,,,,
589,0,0,0,,,,
590,0,0,0,,,,
591,0,0,0,,,,
592,0,0,0,,,,
594,1,0,0,,,,
596,0,0,0,,,,
597,0,0,0,,,,
599,0,3,0,,,,
600,0,0,0,,,,
601,0,0,0,,,,
602,0,0,0,,,,
603,0,0,0,,,,
604,2,0,0,,,,
605,0,0,0,,,,
606,3,1,0,,,,
607,1,0,0,,,,
608,0,0,0,,,,
609,0,0,0,,,,
612,1,1,0,,,,
614,0,0,0,,,,
615,0,0,0,,,,
616,0,2,0,,,,
617,0,1,0,,,,
618,0,0,0,,,,
620,0,0,0,,,,
621,1,0,0,,,,
623,0,1,0,,,,
624,2,0,0,,,,
625,0,0,0,,,,
626,0,0,0,,,,
627,1,0,0,,,,
628,0,0,0,,,,
629,0,1,0,,,,
630,0,0,0,,,,
631,0,0,0,,,,
632,0,0,0,,,,
634,0,0,0,,,,
635,0,0,0,,,,
636,0,0,0,,,,
637,0,0,0,,,,
640,0,0,0,,,,
641,0,1,0,,,,
642,0,0,0,,,,
645,0,0,0,,,,
646,0,0,0,,,,
647,0,0,0,,,,
649,0,0,0,,,,
650,0,0,0,,,,
652,1,0,0,,,,
653,1,1,0,,,,
654,0,0,0,,,,
655,0,0,0,,,,
656,0,0,0,,,,
657,2,0,0,,,,
658,0,0,0,,,,
659,0,0,0,,,,
660,0,0,0,,,,
661,0,0,0,,,,
16,1,0,1,,,,
21,0,0,1,,,,
32,0,1,1,,,,
35,0,0,1,,,,
48,0,0,1,,,,
54,0,0,1,,,,
59,1,0,1,,,,
61,0,0,1,,,,
69,0,0,1,,,,
71,0,1,1,,,,
84,0,0,1,,,,
92,0,0,1,,,,
99,0,1,1,,,,
105,0,0,1,,,,
108,0,2,1,,,,
150,0,0,1,,,,
157,0,0,1,,,,
167,0,0,1,,,,
172,0,0,1,,,,
175,0,0,1,,,,
179,0,0,1,,,,
181,0,0,1,,,,
194,0,0,1,,,,
204,0,0,1,,,,
214,0,0,1,,,,
219,0,0,1,,,,
238,0,0,1,,,,
245,0,0,1,,,,
264,1,0,1,,,,
265,0,0,1,,,,
270,0,0,1,,,,
314,0,0,1,,,,
337,0,0,1,,,,
347,0,0,1,,,,
354,0,0,1,,,,
366,0,1,1,,,,
372,0,0,1,,,,
396,0,0,1,,,,
404,1,0,1,,,,
418,0,0,1,,,,
436,0,2,1,,,,
447,1,1,1,,,,
462,0,0,1,,,,
464,0,0,1,,,,
465,0,0,1,,,,
468,1,0,1,,,,
479,0,0,1,,,,
480,0,0,1,,,,
496,0,0,1,,,,
500,0,0,1,,,,
507,0,0,1,,,,
511,0,0,1,,,,
515,0,0,1,,,,
516,2,0,1,,,,
519,0,0,1,,,,
529,0,0,1,,,,
532,0,0,1,,,,
534,0,0,1,,,,
547,1,0,1,,,,
553,0,0,1,,,,
567,0,0,1,,,,
578,0,0,1,,,,
579,0,0,1,,,,
581,0,0,1,,,,
593,1,0,1,,,,
610,0,0,1,,,,
611,0,0,1,,,,
613,0,0,1,,,,
622,0,0,1,,,,
633,0,0,1,,,,
638,0,0,1,,,,
643,0,2,1,,,,
644,0,0,1,,,,
648,0,0,1,,,,
55,1,0,2,,,,
65,2,0,2,,,,
73,0,0,2,,,,
101,0,0,2,,,,
188,0,0,2,,,,
215,0,0,2,,,,
233,0,0,2,,,,
288,0,0,2,,,,
371,0,1,2,,,,
374,0,0,2,,,,
380,0,0,2,,,,
504,0,0,2,,,,
527,0,1,2,,,,
538,0,0,2,,,,
552,0,14,2,,,,
557,0,0,2,,,,
559,1,0,2,,,,
574,0,0,2,,,,
619,0,0,2,,,,
70,1,1,3,,,,
107,0,0,3,,,,
197,0,0,3,,,,
340,0,0,3,,,,
453,2,3,3,,,,
571,0,0,3,,,,
598,0,9,3,,,,
639,0,0,3,,,,
651,0,0,3,,,,
68,0,0,4,,,,
459,0,6,4,,,,
595,0,1,4,,,,
56,0,1,5,,,,
66,0,1,5,,,,
262,0,1,5,,,,
343,1,1,5,,,,
36,1,2,6,,,,
58,0,0,6,,,,
342,1,0,6,,,,
524,0,2,6,,,,
33,0,0,8,,,,
57,0,1,8,,,,
289,0,3,8,,,,
